taxon,samples_present,prevalence_pct,mean_abundance,mean_abundance_present,rank,common_75
Methylobacteriaceae,95,97.9381443298969,28.340228888473963,28.936865286126046,Family,TRUE
Pseudonocardiaceae,90,92.78350515463917,6.299150202339043,6.789084106965414,Family,TRUE
Pseudomonadaceae,89,91.75257731958763,10.352848836637115,11.283441990492136,Family,TRUE
Microbacteriaceae,85,87.62886597938144,2.598633752197425,2.9654996936841207,Family,TRUE
Nitrobacteraceae,84,86.5979381443299,8.103793671279757,9.357952215644483,Family,TRUE
Cytophagaceae,80,82.47422680412372,0.40612228016048213,0.4924232646945846,Family,TRUE
Rhizobiaceae,78,80.41237113402062,6.801462438972664,8.458228930517288,Family,TRUE
Roseomonadaceae,77,79.38144329896907,0.41004680262068605,0.516552465639046,Family,TRUE
Streptomycetaceae,68,70.10309278350516,0.8574454746213723,1.2231207505628396,Family,FALSE
Comamonadaceae,67,69.0721649484536,2.992775989701424,4.332824940314001,Family,FALSE
Geodermatophilaceae,67,69.0721649484536,0.8643879296144132,1.2514273010835535,Family,FALSE
Sphingomonadaceae,66,68.04123711340206,0.6372708292404154,0.9365950066109137,Family,FALSE
Polyangiaceae,63,64.94845360824742,0.6138261688723584,0.9450974346129963,Family,FALSE
Sphingobacteriaceae,62,63.91752577319588,1.1836136793984975,1.8517826919621656,Family,FALSE
Micromonosporaceae,59,60.824742268041234,1.972805149729682,3.2434254156572733,Family,FALSE
Nocardioidaceae,58,59.79381443298969,1.431075923260476,2.3933511130390728,Family,FALSE
Oxalobacteraceae,53,54.63917525773196,1.3868238338904888,2.5381492808939132,Family,FALSE
Caulobacteraceae,52,53.608247422680414,0.6721914417545928,1.2538955740422215,Family,FALSE
Kineosporiaceae,50,51.54639175257732,0.45014867648349366,0.8732884323779777,Family,FALSE
Sphaerotilaceae,47,48.45360824742268,0.4424699048606752,0.9131825696060745,Family,FALSE
Propionibacteriaceae,43,44.329896907216494,0.27519702127080065,0.6207932805411084,Family,FALSE
Hyphomicrobiales_unclassified,42,43.29896907216495,0.7683683930459936,1.7745650982252708,Family,FALSE
Isosphaeraceae,42,43.29896907216495,0.07362443397818666,0.17003738323533582,Family,FALSE
Mycobacteriaceae,41,42.2680412371134,0.49331418420681894,1.1671091675136933,Family,FALSE
Nocardiaceae,39,40.20618556701031,4.147672795255022,10.316006695890694,Family,FALSE
Gemmataceae,38,39.175257731958766,0.25775587504301517,0.6579557862940125,Family,FALSE
Conexibacteraceae,34,35.05154639175258,0.12748525474339323,0.3637079326502688,Family,FALSE
Solirubrobacteraceae,32,32.98969072164948,0.018952886681216797,0.05745093775243842,Family,FALSE
Micrococcaceae,31,31.95876288659794,0.5310675059931005,1.6617273574622813,Family,FALSE
Flavobacteriaceae,31,31.95876288659794,0.3047185689689018,0.9534742319349506,Family,FALSE
Aurantimonadaceae,31,31.95876288659794,0.046600724692320884,0.1458151708114557,Family,FALSE
FGB5329,30,30.927835051546392,1.5243679924209896,4.928789842161201,Family,FALSE
Rhodospirillales_unclassified,30,30.927835051546392,0.08138979210815542,0.26316032781636917,Family,FALSE
Azospirillaceae,29,29.896907216494846,0.06043257801769158,0.20213655405917527,Family,FALSE
Burkholderiales_unclassified,27,27.835051546391753,0.5048140691014504,1.8135912852903953,Family,FALSE
Micropepsaceae,25,25.77319587628866,0.05860123576271186,0.22737279475932204,Family,FALSE
Burkholderiaceae,24,24.742268041237114,0.21464742004332255,0.8675333226750952,Family,FALSE
Hymenobacteraceae,23,23.711340206185568,0.0970785538363524,0.4094182487880951,Family,FALSE
FGB10042,21,21.649484536082475,0.2587674337978402,1.1952590989709757,Family,FALSE
Microcoleaceae,19,19.587628865979383,3.1556031183845414,16.110184341226343,Family,FALSE
Spirosomataceae,17,17.52577319587629,0.06053866150418673,0.3454264803474184,Family,FALSE
Acetobacteraceae,15,15.463917525773196,0.013416084000979968,0.08675734320633711,Family,FALSE
Lysobacteraceae,14,14.43298969072165,0.5988193793454025,4.148962842607434,Family,FALSE
Phyllobacteriaceae,14,14.43298969072165,0.21423288016162825,1.4843278125484238,Family,FALSE
Archangiaceae,13,13.402061855670103,0.18951329751638232,1.414060758391469,Family,FALSE
Alsobacteraceae,13,13.402061855670103,0.032612576607134396,0.24333999468400266,Family,FALSE
Erwiniaceae,11,11.34020618556701,0.11294854256782093,0.9960007844616943,Family,FALSE
Methylophilaceae,10,10.309278350515465,0.014525566321371277,0.14089799331730146,Family,FALSE
Gaiellaceae,9,9.278350515463918,0.045790928491052894,0.49352445151468133,Family,FALSE
Roseiarcaceae,9,9.278350515463918,0.018621752784422775,0.20070111334322333,Family,FALSE
Gemmatimonadaceae,9,9.278350515463918,0.00924061927509289,0.0995933410760012,Family,FALSE
Myxococcaceae,8,8.24742268041237,0.45428614058505923,5.508219454593853,Family,FALSE
Cellulomonadaceae,8,8.24742268041237,0.0394088657680521,0.4778324974376323,Family,FALSE
Nevskiaceae,8,8.24742268041237,0.01665711445502089,0.2019675127671283,Family,FALSE
Hyphomicrobiaceae,8,8.24742268041237,0.007857423399618792,0.09527125872037781,Family,FALSE
Weeksellaceae,7,7.216494845360825,0.20696577428190163,2.867954300763494,Family,FALSE
Methylopilaceae,7,7.216494845360825,0.06848608425011513,0.9490214531801676,Family,FALSE
FGB52786,7,7.216494845360825,0.0247156693668973,0.3424885612270054,Family,FALSE
Nostocaceae,7,7.216494845360825,0.019446908039948814,0.26947858283929055,Family,FALSE
Betaproteobacteria_unclassified,7,7.216494845360825,0.016548249308340576,0.22931145470129083,Family,FALSE
Opitutaceae,7,7.216494845360825,0.0143125807146298,0.19833147561701303,Family,FALSE
Acidobacteriaceae,7,7.216494845360825,0.0010426805373196177,0.01444857316000041,Family,FALSE
Enterobacteriaceae,6,6.185567010309279,0.5030727737676733,8.133009842577389,Family,FALSE
Rhodanobacteraceae,6,6.185567010309279,0.15208267293570357,2.4586698791272084,Family,FALSE
Yersiniaceae,6,6.185567010309279,0.1512980283287953,2.445984791315524,Family,FALSE
Crocinitomicaceae,6,6.185567010309279,0.1183030762295222,1.912566399043943,Family,FALSE
Bacillaceae,6,6.185567010309279,0.01885062079950612,0.304751702925349,Family,FALSE
Iamiaceae,6,6.185567010309279,0.0165282463703919,0.2672066496546694,Family,FALSE
Baekduiaceae,6,6.185567010309279,0.004938144198886638,0.07983333121533401,Family,FALSE
Nannocystaceae,5,5.154639175257732,0.2043372996986624,3.9641436141540427,Family,FALSE
Flectobacillaceae,5,5.154639175257732,0.0496810347973406,0.963812075068408,Family,FALSE
Rubrobacteraceae,5,5.154639175257732,0.029705880860115094,0.5762940886862329,Family,FALSE
Kribbellaceae,5,5.154639175257732,0.014018351509557174,0.27195601928540886,Family,FALSE
Devosiaceae,5,5.154639175257732,0.009694432647165192,0.18807199335500466,Family,FALSE
Chitinophagaceae,5,5.154639175257732,0.002106906915721781,0.04087399416500256,Family,FALSE
Lichenihabitantaceae,4,4.123711340206185,0.05889010471271169,1.4280850392832587,Family,FALSE
Fulvivirgaceae,4,4.123711340206185,0.04979867370252989,1.207617837286349,Family,FALSE
Boseaceae,4,4.123711340206185,0.04237362071456048,1.0275603023280913,Family,FALSE
Treboniaceae,4,4.123711340206185,0.039428657507536775,0.9561449445577663,Family,FALSE
Gomontiellaceae,4,4.123711340206185,0.013582475121092993,0.32937502168650523,Family,FALSE
Nitrososphaerales_unclassified,4,4.123711340206185,0.011143403386536592,0.2702275321235123,Family,FALSE
Alcaligenaceae,4,4.123711340206185,0.008348970723835378,0.202462540053008,Family,FALSE
FGB80449,4,4.123711340206185,0.004947216523041237,0.11997000068375006,Family,FALSE
FGB10236,4,4.123711340206185,0.0023486597159072765,0.056954998110751456,Family,FALSE
Nakamurellaceae,4,4.123711340206185,0.0019862884313609263,0.048167494460502426,Family,FALSE
Sanguibacteraceae,3,3.0927835051546393,0.2756918286787246,8.914035793945423,Family,FALSE
Moraxellaceae,3,3.0927835051546393,0.21571596199689858,6.974816104566391,Family,FALSE
FGB72910,3,3.0927835051546393,0.014638863177670679,0.4733232427446852,Family,FALSE
Leadbetterellaceae,3,3.0927835051546393,0.01278948546967025,0.4135266968526714,Family,FALSE
Clostridiaceae,3,3.0927835051546393,0.007713608015762946,0.24940665917633506,Family,FALSE
FGB79369,3,3.0927835051546393,0.006224330945866175,0.20125336724967288,Family,FALSE
Paenibacillaceae,3,3.0927835051546393,0.0030367014050825393,0.09818667876433546,Family,FALSE
Longimicrobiaceae,3,3.0927835051546393,0.0027646399022579603,0.08939002350634072,Family,FALSE
FGB75085,3,3.0927835051546393,0.0022105156435773504,0.07147333914233438,Family,FALSE
Verrucomicrobiaceae,3,3.0927835051546393,5.629896754948509e-4,0.018203332841000168,Family,FALSE
Gammaproteobacteria_unclassified,2,2.0618556701030926,0.35686690823993833,17.30804504963701,Family,FALSE
Acidocellaceae,2,2.0618556701030926,0.023019385864825638,1.1164402144440424,Family,FALSE
Intrasporangiaceae,2,2.0618556701030926,0.021071546494752583,1.0219700049955007,Family,FALSE
Sporomusaceae,2,2.0618556701030926,0.018534744069783657,0.8989350873845083,Family,FALSE
Dongiaceae,2,2.0618556701030926,0.011974328699474351,0.5807549419245059,Family,FALSE
Tolypothrichaceae,2,2.0618556701030926,0.011454227236711379,0.555530020980502,Family,FALSE
Coleofasciculaceae,2,2.0618556701030926,0.007493814539134039,0.3634500051480005,Family,FALSE
FGB659,2,2.0618556701030926,0.004740825379412563,0.22993003090150926,Family,FALSE
Xanthobacteraceae,2,2.0618556701030926,0.004260000362433037,0.20661001757800207,Family,FALSE
FGB49577,2,2.0618556701030926,0.003900308691608404,0.18916497154300754,Family,FALSE
Leptolyngbyaceae,2,2.0618556701030926,0.003750825084814472,0.181915016613502,Family,FALSE
Erythrobacteraceae,2,2.0618556701030926,0.002380928270165037,0.11547502110300423,Family,FALSE
Symphyonemataceae,2,2.0618556701030926,0.0020396907216494874,0.09892500000000001,Family,FALSE
Paraconexibacteraceae,2,2.0618556701030926,0.0016308246504226891,0.07909499554550045,Family,FALSE
FGB52473,2,2.0618556701030926,9.250515463917521e-4,0.044865000000000016,Family,FALSE
Roseobacteraceae,2,2.0618556701030926,6.518556521237145e-4,0.031614999128000185,Family,FALSE
Beijerinckiaceae,2,2.0618556701030926,3.8845355509279175e-4,0.018839997422000397,Family,FALSE
Sphingosinicellaceae,2,2.0618556701030926,2.9917524461855945e-4,0.014509999364000145,Family,FALSE
FGB77182,1,1.0309278350515463,0.057892668833837355,5.6155888768822235,Family,FALSE
Chroococcidiopsidaceae,1,1.0309278350515463,0.05085658776682678,4.933089013382197,Family,FALSE
FGB40736,1,1.0309278350515463,0.04125948453608243,4.00217,Family,FALSE
Enterococcaceae,1,1.0309278350515463,0.03694691460587781,3.5838507167701437,Family,FALSE
FGB90239,1,1.0309278350515463,0.02670772928798995,2.5906497409350266,Family,FALSE
Cladosporiaceae,1,1.0309278350515463,0.009385255854907596,0.9103698179260362,Family,FALSE
FGB81405,1,1.0309278350515463,0.00790474068709309,0.7667598466480305,Family,FALSE
Motilibacteraceae,1,1.0309278350515463,0.005823092783505151,0.56484,Family,FALSE
FGB81559,1,1.0309278350515463,0.005542370025546614,0.5376098924780216,Family,FALSE
Oscillatoriaceae,1,1.0309278350515463,0.005383813894608302,0.522229947777005,Family,FALSE
Beutenbergiaceae,1,1.0309278350515463,0.0051439185545569,0.49896009979202,Family,FALSE
FGB93774,1,1.0309278350515463,0.004550617646577502,0.4414099117180176,Family,FALSE
Aestuariivirgaceae,1,1.0309278350515463,0.004224432989690723,0.4097699999999999,Family,FALSE
FGB54646,1,1.0309278350515463,0.003752474602051587,0.3639900363990037,Family,FALSE
FGB1611,1,1.0309278350515463,0.0035777323165361134,0.34704003470400335,Family,FALSE
Perlucidibacaceae,1,1.0309278350515463,0.003438041237113401,0.33349000000000006,Family,FALSE
Dinobryaceae,1,1.0309278350515463,0.0028787634623506277,0.27924005584801115,Family,FALSE
Paracoccaceae,1,1.0309278350515463,0.0027081446007113695,0.2626900262690027,Family,FALSE
Cryptosporangiaceae,1,1.0309278350515463,0.0017888658004948624,0.17351998264800175,Family,FALSE
FGB36419,1,1.0309278350515463,0.001714536082474227,0.16631000000000004,Family,FALSE
FGB52975,1,1.0309278350515463,0.0014039178065567571,0.13618002723600542,Family,FALSE
Planctomycetaceae,1,1.0309278350515463,0.0013725773195876277,0.13314000000000004,Family,FALSE
Chryseotaleaceae,1,1.0309278350515463,0.0013718560816599163,0.13307003992101196,Family,FALSE
FGB26132,1,1.0309278350515463,0.0012352577319587638,0.11982000000000002,Family,FALSE
FGB26270,1,1.0309278350515463,0.0011327836184330034,0.10988001098800111,Family,FALSE
Nitrosomonadaceae,1,1.0309278350515463,6.823709975464189e-4,0.06618998676200265,Family,FALSE
Verrucomicrobiota_unclassified,1,1.0309278350515463,5.58144441525795e-4,0.05414001082800215,Family,FALSE
FGB15779,1,1.0309278350515463,5.418557784742484e-4,0.0525600105120021,Family,FALSE
Aphanothecaceae,1,1.0309278350515463,4.901031417938197e-4,0.04754000475400048,Family,FALSE
Lachnospiraceae,1,1.0309278350515463,2.9938147323711647e-4,0.02904000290400028,Family,FALSE
Acidothermaceae,1,1.0309278350515463,2.674227338969173e-4,0.02594000518800103,Family,FALSE
Calotrichaceae,1,1.0309278350515463,2.2402061855670118e-4,0.021729999999999996,Family,FALSE
FGB5337,1,1.0309278350515463,2.073195668969094e-4,0.020109997989000202,Family,FALSE
Entophysalidaceae,1,1.0309278350515463,1.0680410235051966e-4,0.010359997928000412,Family,FALSE
FGB14596,1,1.0309278350515463,4.309278781443337e-5,0.00418000041800004,Family,FALSE
