rank,taxon,mean_abundance,is_core,is_diff,status
Order,Acetobacterales,0.4464823620723849,TRUE,FALSE,Core only
Order,Acidimicrobiales,0.016528248125350704,FALSE,FALSE,None
Order,Acidothermales,2.674226804123708e-4,FALSE,FALSE,None
Order,Bacillales,0.02188742399199033,FALSE,FALSE,None
Order,Burkholderiales,5.5498805985873645,TRUE,FALSE,Core only
Order,Caulobacterales,0.6721914557270373,FALSE,FALSE,None
Order,Chitinophagales,0.0021069066441652324,FALSE,FALSE,None
Order,Chromulinales,0.0028787625987216777,FALSE,FALSE,None
Order,Chroococcales,5.96907184453617e-4,FALSE,FALSE,None
Order,Chroococcidiopsidales,0.0508565826811695,FALSE,TRUE,Differential only
Order,Cladosporiales,0.009385254916382276,FALSE,FALSE,None
Order,Coleofasciculales,0.00749381571946418,FALSE,TRUE,Differential only
Order,Cryptosporangiales,0.001788865621608318,FALSE,FALSE,None
Order,Cytophagales,0.677380508745059,TRUE,FALSE,Core only
Order,Enterobacterales,0.7673192886455368,FALSE,FALSE,None
Order,Eubacteriales,0.0077136091482269175,FALSE,FALSE,None
Order,Flavobacteriales,0.6299874154118132,FALSE,FALSE,None
Order,Gaiellales,0.04579112866266389,FALSE,FALSE,None
Order,Gemmatales,0.25775566743178224,FALSE,TRUE,Differential only
Order,Gemmatimonadales,0.00924061833976316,FALSE,TRUE,Differential only
Order,Geodermatophilales,0.8643883625399956,FALSE,FALSE,None
Order,Gomontiellales,0.013582473990082534,FALSE,FALSE,None
Order,Hyphomicrobiales,44.5220946360031,TRUE,FALSE,Core only
Order,Isosphaerales,0.07362443469788929,FALSE,FALSE,None
Order,Kineosporiales,0.45014867531778213,FALSE,FALSE,None
Order,Kitasatosporales,0.857445512092209,FALSE,FALSE,None
Order,Lachnospirales,2.993814732371168e-4,FALSE,FALSE,None
Order,Lactobacillales,0.036946914605877776,FALSE,FALSE,None
Order,Leptolyngbyales,0.0037508247097319644,FALSE,FALSE,None
Order,Longimicrobiales,0.002764640429485163,FALSE,TRUE,Differential only
Order,Lysobacterales,0.750901977087472,FALSE,TRUE,Differential only
Order,Micrococcales,3.471017320120415,TRUE,FALSE,Core only
Order,Micromonosporales,1.9728054066525105,FALSE,TRUE,Differential only
Order,Micropepsales,0.058601233011827306,FALSE,FALSE,None
Order,Moraxellales,0.21571596199852736,FALSE,TRUE,Differential only
Order,Motilibacterales,0.005823092783505151,FALSE,FALSE,None
Order,Mycobacteriales,4.640987362924668,FALSE,FALSE,None
Order,Myxococcales,0.6437995319514738,FALSE,FALSE,None
Order,Nakamurellales,0.0019862882800517263,FALSE,FALSE,None
Order,Nannocystales,0.20433731974620614,FALSE,FALSE,None
Order,Nevskiales,0.01665711460737155,FALSE,FALSE,None
Order,Nitrosomonadales,0.015207937224979779,FALSE,TRUE,Differential only
Order,Nitrososphaerales,0.011143404569517124,FALSE,FALSE,None
Order,Nostocales,0.03316484838391848,FALSE,FALSE,None
Order,OFGB10042,0.2587673200642085,FALSE,TRUE,Differential only
Order,OFGB10236,0.0023486597334331748,FALSE,FALSE,None
Order,OFGB14596,4.3092787814433413e-5,FALSE,FALSE,None
Order,OFGB15779,5.418557784742484e-4,FALSE,FALSE,None
Order,OFGB1611,0.0035777323165361173,FALSE,FALSE,None
Order,OFGB26132,0.0012351543921443788,FALSE,FALSE,None
Order,OFGB26270,0.0011327836184330032,FALSE,FALSE,None
Order,OFGB36419,0.001714536082474227,FALSE,FALSE,None
Order,OFGB40736,0.04125948453608243,FALSE,FALSE,None
Order,OFGB49577,0.0039003099134228185,FALSE,FALSE,None
Order,OFGB52473,9.25051413577374e-4,FALSE,FALSE,None
Order,OFGB52786,0.024715670787672544,FALSE,FALSE,None
Order,OFGB52975,0.0014039173853814565,FALSE,FALSE,None
Order,OFGB5329,1.5243680183749482,FALSE,TRUE,Differential only
Order,OFGB5337,2.0731962909279204e-4,FALSE,FALSE,None
Order,OFGB54646,0.003752475352546731,FALSE,FALSE,None
Order,OFGB659,0.00474082606587685,FALSE,TRUE,Differential only
Order,OFGB72910,0.014638861296271668,FALSE,FALSE,None
Order,OFGB75085,0.00221051564357735,FALSE,FALSE,None
Order,OFGB77182,0.05789266304457218,FALSE,FALSE,None
Order,OFGB79369,0.0062243295717732735,FALSE,FALSE,None
Order,OFGB80449,0.0049472163051856085,FALSE,FALSE,None
Order,OFGB81405,0.007904640756185874,FALSE,FALSE,None
Order,OFGB81559,0.005542367808599932,FALSE,FALSE,None
Order,OFGB90239,0.02670773997108487,FALSE,FALSE,None
Order,OFGB93774,0.004550619466824927,FALSE,FALSE,None
Order,Opitutales,0.014312478719094714,FALSE,TRUE,Differential only
Order,Oscillatoriales,3.1609868957761895,FALSE,FALSE,None
Order,Planctomycetales,0.0013725773195876277,FALSE,FALSE,None
Order,Polyangiales,0.6138259859126621,FALSE,FALSE,None
Order,Propionibacteriales,1.7202907455098138,TRUE,TRUE,Core + Differential
Order,Pseudomonadales,10.356286623598892,TRUE,FALSE,Core only
Order,Pseudonocardiales,6.299150065661002,TRUE,TRUE,Core + Differential
Order,Rhodobacterales,0.0033600001202062687,FALSE,FALSE,None
Order,Rhodospirillales,0.15379659865525183,FALSE,TRUE,Differential only
Order,Rubrobacterales,0.029705885498272605,FALSE,TRUE,Differential only
Order,Selenomonadales,0.018534744121515644,FALSE,FALSE,None
Order,Solirubrobacterales,0.153007104158618,FALSE,FALSE,None
Order,Sphingobacteriales,1.1836143699657513,FALSE,FALSE,None
Order,Sphingomonadales,0.639951543391106,FALSE,TRUE,Differential only
Order,Streptosporangiales,0.03942856734325047,FALSE,FALSE,None
Order,Terriglobales,0.0010426804962474564,FALSE,FALSE,None
Order,Verrucomicrobiales,5.629897805979534e-4,FALSE,FALSE,None
Order,unidentified,5.560789483738563,FALSE,FALSE,None
Family,Acetobacteraceae,0.01341608381271217,FALSE,TRUE,Differential only
Family,Acidobacteriaceae,0.0010426804962474564,FALSE,FALSE,None
Family,Acidocellaceae,0.023019381625649555,FALSE,FALSE,None
Family,Acidothermaceae,2.674226804123708e-4,FALSE,FALSE,None
Family,Aestuariivirgaceae,0.004224433834577488,FALSE,FALSE,None
Family,Alcaligenaceae,0.008348969705247518,FALSE,FALSE,None
Family,Alsobacteraceae,0.03261257582326903,FALSE,TRUE,Differential only
Family,Aphanothecaceae,4.901030927835048e-4,FALSE,FALSE,None
Family,Archangiaceae,0.1895132256809239,FALSE,FALSE,None
Family,Aurantimonadaceae,0.046600723871248396,FALSE,FALSE,None
Family,Azospirillaceae,0.06043247732611509,FALSE,FALSE,None
Family,Bacillaceae,0.018850722609217083,FALSE,TRUE,Differential only
Family,Baekduiaceae,0.004938145024020759,FALSE,FALSE,None
Family,Beijerinckiaceae,3.884536368659851e-4,FALSE,FALSE,None
Family,Beutenbergiaceae,0.005143918554556898,FALSE,FALSE,None
Family,Boseaceae,0.04237362811434,FALSE,TRUE,Differential only
Family,Burkholderiaceae,0.21464721732790717,FALSE,FALSE,None
Family,Calotrichaceae,2.2402066336083386e-4,FALSE,FALSE,None
Family,Caulobacteraceae,0.6721914557270373,FALSE,FALSE,None
Family,Cellulomonadaceae,0.03940876496004188,FALSE,FALSE,None
Family,Chitinophagaceae,0.002106906644165232,FALSE,FALSE,None
Family,Chroococcidiopsidaceae,0.0508565826811695,FALSE,TRUE,Differential only
Family,Chryseotaleaceae,0.0013718563560312707,FALSE,TRUE,Differential only
Family,Cladosporiaceae,0.009385254916382276,FALSE,FALSE,None
Family,Clostridiaceae,0.007713609148226916,FALSE,FALSE,None
Family,Coleofasciculaceae,0.00749381571946418,FALSE,TRUE,Differential only
Family,Comamonadaceae,2.9927764841534517,FALSE,FALSE,None
Family,Conexibacteraceae,0.12748524801379185,FALSE,FALSE,None
Family,Crocinitomicaceae,0.11830308214363033,FALSE,FALSE,None
Family,Cryptosporangiaceae,0.001788865621608318,FALSE,FALSE,None
Family,Cytophagaceae,0.4061223691737098,TRUE,FALSE,Core only
Family,Devosiaceae,0.009694433640917816,FALSE,TRUE,Differential only
Family,Dinobryaceae,0.0028787625987216777,FALSE,FALSE,None
Family,Dongiaceae,0.011974332646609147,FALSE,FALSE,None
Family,Enterobacteriaceae,0.5030727272161384,FALSE,FALSE,None
Family,Enterococcaceae,0.036946914605877776,FALSE,FALSE,None
Family,Entophysalidaceae,1.0680409167011265e-4,FALSE,FALSE,None
Family,Erwiniaceae,0.11294854950777715,FALSE,FALSE,None
Family,Erythrobacteraceae,0.0023809282085568055,FALSE,FALSE,None
Family,FGB10042,0.2587673200642085,FALSE,TRUE,Differential only
Family,FGB10236,0.0023486597334331748,FALSE,FALSE,None
Family,FGB14596,4.3092787814433386e-5,FALSE,FALSE,None
Family,FGB15779,5.418557784742484e-4,FALSE,FALSE,None
Family,FGB1611,0.0035777323165361143,FALSE,FALSE,None
Family,FGB26132,0.0012351543921443788,FALSE,FALSE,None
Family,FGB26270,0.0011327836184330032,FALSE,FALSE,None
Family,FGB36419,0.001714536082474227,FALSE,FALSE,None
Family,FGB40736,0.04125948453608243,FALSE,FALSE,None
Family,FGB49577,0.0039003099134228185,FALSE,FALSE,None
Family,FGB52473,9.25051413577374e-4,FALSE,FALSE,None
Family,FGB52786,0.02471567078767254,FALSE,FALSE,None
Family,FGB52975,0.0014039173853814565,FALSE,FALSE,None
Family,FGB5329,1.5243680183749484,FALSE,TRUE,Differential only
Family,FGB5337,2.0731962909279196e-4,FALSE,FALSE,None
Family,FGB54646,0.0037524753525467326,FALSE,FALSE,None
Family,FGB659,0.004740826065876848,FALSE,TRUE,Differential only
Family,FGB72910,0.014638861296271663,FALSE,FALSE,None
Family,FGB75085,0.0022105156435773504,FALSE,FALSE,None
Family,FGB77182,0.05789266304457218,FALSE,FALSE,None
Family,FGB79369,0.006224329571773272,FALSE,FALSE,None
Family,FGB80449,0.0049472163051856085,FALSE,FALSE,None
Family,FGB81405,0.007904640756185875,FALSE,FALSE,None
Family,FGB81559,0.00554236780859993,FALSE,FALSE,None
Family,FGB90239,0.02670773997108487,FALSE,FALSE,None
Family,FGB93774,0.004550619466824929,FALSE,FALSE,None
Family,Flavobacteriaceae,0.3047185627879743,FALSE,FALSE,None
Family,Flectobacillaceae,0.04968103139954722,FALSE,TRUE,Differential only
Family,Fulvivirgaceae,0.04979855683880628,FALSE,TRUE,Differential only
Family,Gaiellaceae,0.04579112866266389,FALSE,FALSE,None
Family,Gemmataceae,0.2577556674317823,FALSE,TRUE,Differential only
Family,Gemmatimonadaceae,0.009240618339763161,FALSE,TRUE,Differential only
Family,Geodermatophilaceae,0.8643883625399956,FALSE,FALSE,None
Family,Gomontiellaceae,0.01358247399008254,FALSE,FALSE,None
Family,Hymenobacteraceae,0.09707855647946761,FALSE,FALSE,None
Family,Hyphomicrobiaceae,0.00785742246349515,FALSE,FALSE,None
Family,Iamiaceae,0.016528248125350704,FALSE,FALSE,None
Family,Intrasporangiaceae,0.02107154870490749,FALSE,FALSE,None
Family,Isosphaeraceae,0.0736244346978893,FALSE,FALSE,None
Family,Kineosporiaceae,0.45014867531778213,FALSE,FALSE,None
Family,Kribbellaceae,0.014018351947609434,FALSE,FALSE,None
Family,Lachnospiraceae,2.9938147323711647e-4,FALSE,FALSE,None
Family,Leadbetterellaceae,0.012789483067804407,FALSE,TRUE,Differential only
Family,Leptolyngbyaceae,0.0037508247097319657,FALSE,FALSE,None
Family,Lichenihabitantaceae,0.05889010757932032,FALSE,FALSE,None
Family,Longimicrobiaceae,0.002764640429485163,FALSE,TRUE,Differential only
Family,Lysobacteraceae,0.5988192937165585,FALSE,FALSE,None
Family,Methylobacteriaceae,28.34022837613477,TRUE,FALSE,Core only
Family,Methylophilaceae,0.01452556650038158,FALSE,TRUE,Differential only
Family,Methylopilaceae,0.06848608504172227,FALSE,FALSE,None
Family,Microbacteriaceae,2.5986338718829094,TRUE,FALSE,Core only
Family,Micrococcaceae,0.531067441519624,FALSE,FALSE,None
Family,Microcoleaceae,3.155603082958344,FALSE,FALSE,None
Family,Micromonosporaceae,1.9728054066525105,FALSE,TRUE,Differential only
Family,Micropepsaceae,0.05860123301182731,FALSE,FALSE,None
Family,Moraxellaceae,0.21571596199852736,FALSE,TRUE,Differential only
Family,Motilibacteraceae,0.005823092783505151,FALSE,FALSE,None
Family,Mycobacteriaceae,0.49331438633754454,FALSE,TRUE,Differential only
Family,Myxococcaceae,0.4542863062705501,FALSE,FALSE,None
Family,Nakamurellaceae,0.0019862882800517263,FALSE,FALSE,None
Family,Nannocystaceae,0.2043373197462062,FALSE,FALSE,None
Family,Nevskiaceae,0.016657114607371546,FALSE,FALSE,None
Family,Nitrobacteraceae,8.103793936118615,TRUE,FALSE,Core only
Family,Nitrosomonadaceae,6.823707245981836e-4,FALSE,FALSE,None
Family,Nocardiaceae,4.147672976587122,FALSE,FALSE,None
Family,Nocardioidaceae,1.4310759844078502,FALSE,TRUE,Differential only
Family,Nostocaceae,0.01944690837097995,FALSE,FALSE,None
Family,Opitutaceae,0.014312478719094714,FALSE,TRUE,Differential only
Family,Oscillatoriaceae,0.005383812817845848,FALSE,FALSE,None
Family,Oxalobacteraceae,1.3868239185773368,FALSE,TRUE,Differential only
Family,Paenibacillaceae,0.0030367013827732377,FALSE,FALSE,None
Family,Paracoccaceae,0.0027081446007113674,FALSE,FALSE,None
Family,Paraconexibacteraceae,0.0016308249465671,FALSE,FALSE,None
Family,Perlucidibacaceae,0.003438040549505294,FALSE,FALSE,None
Family,Phyllobacteriaceae,0.2142328835088921,FALSE,FALSE,None
Family,Planctomycetaceae,0.0013725773195876277,FALSE,FALSE,None
Family,Polyangiaceae,0.6138259859126621,FALSE,FALSE,None
Family,Propionibacteriaceae,0.2751964091543546,FALSE,TRUE,Differential only
Family,Pseudomonadaceae,10.352848583049386,TRUE,FALSE,Core only
Family,Pseudonocardiaceae,6.299150065661003,TRUE,TRUE,Core + Differential
Family,Rhizobiaceae,6.801461457278617,TRUE,FALSE,Core only
Family,Rhodanobacteraceae,0.15208268337091368,FALSE,FALSE,None
Family,Roseiarcaceae,0.01862175251175268,FALSE,FALSE,None
Family,Roseobacteraceae,6.518555194949003e-4,FALSE,FALSE,None
Family,Roseomonadaceae,0.4100468966340232,TRUE,FALSE,Core only
Family,Rubrobacteraceae,0.029705885498272605,FALSE,TRUE,Differential only
Family,Sanguibacteraceae,0.275691774498375,FALSE,FALSE,None
Family,Solirubrobacteraceae,0.018952886174238327,FALSE,TRUE,Differential only
Family,Sphaerotilaceae,0.4424697977417692,FALSE,FALSE,None
Family,Sphingobacteriaceae,1.1836143699657513,FALSE,FALSE,None
Family,Sphingomonadaceae,0.637271439942642,FALSE,TRUE,Differential only
Family,Sphingosinicellaceae,2.9917523990723253e-4,FALSE,FALSE,None
Family,Spirosomataceae,0.0605386554296925,FALSE,TRUE,Differential only
Family,Sporomusaceae,0.018534744121515633,FALSE,FALSE,None
Family,Streptomycetaceae,0.857445512092209,FALSE,FALSE,None
Family,Symphyonemataceae,0.0020396911197835847,FALSE,FALSE,None
Family,Tolypothrichaceae,0.011454228229794092,FALSE,FALSE,None
Family,Treboniaceae,0.03942856734325047,FALSE,FALSE,None
Family,Verrucomicrobiaceae,5.629897805979533e-4,FALSE,FALSE,None
Family,Weeksellaceae,0.20696577048020867,FALSE,TRUE,Differential only
Family,Xanthobacteraceae,0.004260000394216534,FALSE,FALSE,None
Family,Yersiniaceae,0.15129801192162057,FALSE,FALSE,None
Family,unidentified,6.926505254122737,FALSE,FALSE,None
