IG046,IG046_S32_L002_R1_001.fastq.gz,IG046_S32_L002_R2_001.fastq.gz
IG101,IG101_S82_L002_R1_001.fastq.gz,IG101_S82_L002_R2_001.fastq.gz
IG096,IG096_S79_L002_R1_001.fastq.gz,IG096_S79_L002_R2_001.fastq.gz
IG013,IG013_S3_L002_R1_001.fastq.gz,IG013_S3_L002_R2_001.fastq.gz
IG022,IG022_S10_L002_R1_001.fastq.gz,IG022_S10_L002_R2_001.fastq.gz
IG023,IG023_S11_L002_R1_001.fastq.gz,IG023_S11_L002_R2_001.fastq.gz
IG024,IG024_S12_L002_R1_001.fastq.gz,IG024_S12_L002_R2_001.fastq.gz
IG107,IG107_S87_L002_R1_001.fastq.gz,IG107_S87_L002_R2_001.fastq.gz
IG108,IG108_S88_L002_R1_001.fastq.gz,IG108_S88_L002_R2_001.fastq.gz
IG114,IG114_S2_L006_R1_001.fastq.gz,IG114_S2_L006_R2_001.fastq.gz
IG116,IG116_S4_L006_R1_001.fastq.gz,IG116_S4_L006_R2_001.fastq.gz
IG118,IG118_S6_L006_R1_001.fastq.gz,IG118_S6_L006_R2_001.fastq.gz
IG054,IG054_S39_L002_R1_001.fastq.gz,IG054_S39_L002_R2_001.fastq.gz
IG056,IG056_S41_L002_R1_001.fastq.gz,IG056_S41_L002_R2_001.fastq.gz
IG057,IG057_S42_L002_R1_001.fastq.gz,IG057_S42_L002_R2_001.fastq.gz
IG058,IG058_S43_L002_R1_001.fastq.gz,IG058_S43_L002_R2_001.fastq.gz
IG059,IG059_S44_L002_R1_001.fastq.gz,IG059_S44_L002_R2_001.fastq.gz
IG042,IG042_S29_L002_R1_001.fastq.gz,IG042_S29_L002_R2_001.fastq.gz
IG074,IG074_S59_L002_R1_001.fastq.gz,IG074_S59_L002_R2_001.fastq.gz
IG075,IG075_S60_L002_R1_001.fastq.gz,IG075_S60_L002_R2_001.fastq.gz
IG081,IG081_S66_L002_R1_001.fastq.gz,IG081_S66_L002_R2_001.fastq.gz
IG082,IG082_S67_L002_R1_001.fastq.gz,IG082_S67_L002_R2_001.fastq.gz
IG083,IG083_S68_L002_R1_001.fastq.gz,IG083_S68_L002_R2_001.fastq.gz
IG011,IG011_S1_L002_R1_001.fastq.gz,IG011_S1_L002_R2_001.fastq.gz
IG025,IG025_S13_L002_R1_001.fastq.gz,IG025_S13_L002_R2_001.fastq.gz
IG103,IG103_S83_L002_R1_001.fastq.gz,IG103_S83_L002_R2_001.fastq.gz
IG104,IG104_S84_L002_R1_001.fastq.gz,IG104_S84_L002_R2_001.fastq.gz
IG105,IG105_S85_L002_R1_001.fastq.gz,IG105_S85_L002_R2_001.fastq.gz
IG014,IG014_S1_L004_R1_001.fastq.gz,IG014_S1_L004_R2_001.fastq.gz
IG017,IG017_S6_L002_R1_001.fastq.gz,IG017_S6_L002_R2_001.fastq.gz
IG026,IG026_S14_L002_R1_001.fastq.gz,IG026_S14_L002_R2_001.fastq.gz
IG106,IG106_S86_L002_R1_001.fastq.gz,IG106_S86_L002_R2_001.fastq.gz
IG027,IG027_S15_L002_R1_001.fastq.gz,IG027_S15_L002_R2_001.fastq.gz
IG019,IG019_S7_L002_R1_001.fastq.gz,IG019_S7_L002_R2_001.fastq.gz
IG020,IG020_S8_L002_R1_001.fastq.gz,IG020_S8_L002_R2_001.fastq.gz
IG029,IG029_S17_L002_R1_001.fastq.gz,IG029_S17_L002_R2_001.fastq.gz
IG030,IG030_S18_L002_R1_001.fastq.gz,IG030_S18_L002_R2_001.fastq.gz
IG033,IG033_S20_L002_R1_001.fastq.gz,IG033_S20_L002_R2_001.fastq.gz
IG036,IG036_S23_L002_R1_001.fastq.gz,IG036_S23_L002_R2_001.fastq.gz
IG038,IG038_S25_L002_R1_001.fastq.gz,IG038_S25_L002_R2_001.fastq.gz
IG039,IG039_S26_L002_R1_001.fastq.gz,IG039_S26_L002_R2_001.fastq.gz
IG040,IG040_S27_L002_R1_001.fastq.gz,IG040_S27_L002_R2_001.fastq.gz
IG041,IG041_S28_L002_R1_001.fastq.gz,IG041_S28_L002_R2_001.fastq.gz
IG047,IG047_S33_L002_R1_001.fastq.gz,IG047_S33_L002_R2_001.fastq.gz
IG070,IG070_S55_L002_R1_001.fastq.gz,IG070_S55_L002_R2_001.fastq.gz
IG077,IG077_S62_L002_R1_001.fastq.gz,IG077_S62_L002_R2_001.fastq.gz
IG012,IG012_S2_L002_R1_001.fastq.gz,IG012_S2_L002_R2_001.fastq.gz
IG078,IG078_S63_L002_R1_001.fastq.gz,IG078_S63_L002_R2_001.fastq.gz
IG080,IG080_S65_L002_R1_001.fastq.gz,IG080_S65_L002_R2_001.fastq.gz
IG085,IG085_S70_L002_R1_001.fastq.gz,IG085_S70_L002_R2_001.fastq.gz
IG084,IG084_S69_L002_R1_001.fastq.gz,IG084_S69_L002_R2_001.fastq.gz
IG060,IG060_S45_L002_R1_001.fastq.gz,IG060_S45_L002_R2_001.fastq.gz
IG061,IG061_S46_L002_R1_001.fastq.gz,IG061_S46_L002_R2_001.fastq.gz
IG062,IG062_S47_L002_R1_001.fastq.gz,IG062_S47_L002_R2_001.fastq.gz
IG063,IG063_S48_L002_R1_001.fastq.gz,IG063_S48_L002_R2_001.fastq.gz
IG064,IG064_S49_L002_R1_001.fastq.gz,IG064_S49_L002_R2_001.fastq.gz
IG065,IG065_S50_L002_R1_001.fastq.gz,IG065_S50_L002_R2_001.fastq.gz
IG067,IG067_S52_L002_R1_001.fastq.gz,IG067_S52_L002_R2_001.fastq.gz
IG068,IG068_S53_L002_R1_001.fastq.gz,IG068_S53_L002_R2_001.fastq.gz
IG069,IG069_S54_L002_R1_001.fastq.gz,IG069_S54_L002_R2_001.fastq.gz
IG045,IG045_S31_L002_R1_001.fastq.gz,IG045_S31_L002_R2_001.fastq.gz
IG102,IG102_S7_L004_R1_001.fastq.gz,IG102_S7_L004_R2_001.fastq.gz
IG021,IG021_S9_L002_R1_001.fastq.gz,IG021_S9_L002_R2_001.fastq.gz
IG113,IG113_S1_L006_R1_001.fastq.gz,IG113_S1_L006_R2_001.fastq.gz
IG119,IG119_S7_L006_R1_001.fastq.gz,IG119_S7_L006_R2_001.fastq.gz
IG120,IG120_S8_L006_R1_001.fastq.gz,IG120_S8_L006_R2_001.fastq.gz
IG055,IG055_S40_L002_R1_001.fastq.gz,IG055_S40_L002_R2_001.fastq.gz
IG072,IG072_S57_L002_R1_001.fastq.gz,IG072_S57_L002_R2_001.fastq.gz
IG073,IG073_S58_L002_R1_001.fastq.gz,IG073_S58_L002_R2_001.fastq.gz
IG015,IG015_S4_L002_R1_001.fastq.gz,IG015_S4_L002_R2_001.fastq.gz
IG016,IG016_S5_L002_R1_001.fastq.gz,IG016_S5_L002_R2_001.fastq.gz
IG018,IG018_S2_L004_R1_001.fastq.gz,IG018_S2_L004_R2_001.fastq.gz
IG051,IG051_S37_L002_R1_001.fastq.gz,IG051_S37_L002_R2_001.fastq.gz
IG052,IG052_S38_L002_R1_001.fastq.gz,IG052_S38_L002_R2_001.fastq.gz
IG037,IG037_S24_L002_R1_001.fastq.gz,IG037_S24_L002_R2_001.fastq.gz
IG028,IG028_S16_L002_R1_001.fastq.gz,IG028_S16_L002_R2_001.fastq.gz
IG031,IG031_S19_L002_R1_001.fastq.gz,IG031_S19_L002_R2_001.fastq.gz
IG110,IG110_S89_L002_R1_001.fastq.gz,IG110_S89_L002_R2_001.fastq.gz
IG034,IG034_S21_L002_R1_001.fastq.gz,IG034_S21_L002_R2_001.fastq.gz
IG035,IG035_S22_L002_R1_001.fastq.gz,IG035_S22_L002_R2_001.fastq.gz
IG099,IG099_S81_L002_R1_001.fastq.gz,IG099_S81_L002_R2_001.fastq.gz
IG044,IG044_S30_L002_R1_001.fastq.gz,IG044_S30_L002_R2_001.fastq.gz
IG076,IG076_S61_L002_R1_001.fastq.gz,IG076_S61_L002_R2_001.fastq.gz
IG079,IG079_S64_L002_R1_001.fastq.gz,IG079_S64_L002_R2_001.fastq.gz
IG111,IG111_S90_L002_R1_001.fastq.gz,IG111_S90_L002_R2_001.fastq.gz
IG087,IG087_S71_L002_R1_001.fastq.gz,IG087_S71_L002_R2_001.fastq.gz
IG089,IG089_S5_L004_R1_001.fastq.gz,IG089_S5_L004_R2_001.fastq.gz
IG090,IG090_S73_L002_R1_001.fastq.gz,IG090_S73_L002_R2_001.fastq.gz
IG091,IG091_S74_L002_R1_001.fastq.gz,IG091_S74_L002_R2_001.fastq.gz
IG092,IG092_S75_L002_R1_001.fastq.gz,IG092_S75_L002_R2_001.fastq.gz
IG093,IG093_S76_L002_R1_001.fastq.gz,IG093_S76_L002_R2_001.fastq.gz
IG094,IG094_S77_L002_R1_001.fastq.gz,IG094_S77_L002_R2_001.fastq.gz
IG095,IG095_S78_L002_R1_001.fastq.gz,IG095_S78_L002_R2_001.fastq.gz
IG048,IG048_S34_L002_R1_001.fastq.gz,IG048_S34_L002_R2_001.fastq.gz
IG049,IG049_S35_L002_R1_001.fastq.gz,IG049_S35_L002_R2_001.fastq.gz
IG112,IG112_S91_L002_R1_001.fastq.gz,IG112_S91_L002_R2_001.fastq.gz
IG066,IG066_S51_L002_R1_001.fastq.gz,IG066_S51_L002_R2_001.fastq.gz
