Sample,Geographic_region,Batch,Full sample name,sex,latitude,longitude,collection_date
IG046,Centralcal,1,FF340_ext_IG046,female,37.94286,-122.64694,4/7/2021
IG096,Centralcal,1,IGR162_ext_IG096,not-determined,35.1088333,-120.0752,1/31/2021
IG013,Centralcal,1,IGR167_ext_IG013,female,37.8910333,-121.99918,2/14/2021
IG022,Centralcal,1,IGR169_ext_IG022,male,37.8862667,-121.9932,2/14/2021
IG023,Centralcal,1,IGR170_ext_IG023,not-determined,37.9346167,-122.11523,2/15/2021
IG024,Centralcal,1,IGR171_ext_IG024,male,37.9547167,-122.1396,2/16/2021
IG107,Centralcal,1,IGR258_ext_IG107,female,37.915278,-121.9475,2/6/2022
IG108,Centralcal,1,IGR259_ext_IG108,female,37.90707,-121.94952,2/6/2022
IG114,Centralcal,1,IGR285_ext_IG114,not-determined,37.201944,-121.376944,4/8/2023
IG116,Centralcal,1,McL1220_ext_IG116,not-determined,37.248889,-121.357778,4/1/2022
IG118,Centralcal,1,McL1028_ext_IG118,not-determined,37.09702,-121.3834,3/12/2022
IG025,Centralcal,1,IGR172_ext_IG025,female,37.9556683,-122.1399,2/17/2021
IG054,Desert,1,IGR212_ext_IG054,male,33.04584,-116.43847,4/24/2021
IG056,Desert,1,IGR214_ext_IG056,not-determined,33.24238,-116.42376,4/24/2021
IG057,Desert,1,IGR215_ext_IG057,female,33.23648,-116.44297,4/24/2021
IG058,Desert,1,IGR216_ext_IG058,not-determined,33.23648,-116.44297,4/24/2021
IG059,Desert,1,IGR217_ext_IG059,not-determined,33.27844,-116.43058,4/24/2021
IG042,Northcal,1,IGR203_ext_IG042,female,39.01742,-122.81048,3/25/2021
IG074,Northcal,1,IGR235_ext_IG074,not-determined,39.36833,-123.36819,5/1/2021
IG075,Northcal,1,IGR237_ext_IG075,female,39.36343,-123.41087,5/1/2021
IG081,Northcal,1,IGR246_ext_IG081,male,40.88955,-123.60063,5/15/2021
IG082,Northcal,1,IGR247_ext_IG082,not-determined,40.85484,-123.48461,5/15/2021
IG083,Northcal,1,IGR248_ext_IG083,female,40.76234,-123.28562,5/15/2021
IG011,Northcal,1,IGR249_ext_IG011,not-determined,40.77171,-123.12917,5/16/2021
IG103,Peninsular ranges,1,IGR173_ext_IG103,female,33.60021,-117.50813,2/20/2021
IG104,Peninsular ranges,1,IGR174_ext_IG104,not-determined,33.60092,-117.51035,2/20/2021
IG105,Peninsular ranges,1,IGR175_ext_IG105,not-determined,33.60984,-117.42995,2/20/2021
IG014,Peninsular ranges,1,IGR176_ext_IG014,male,33.66291,-117.40418,2/20/2021
IG017,Peninsular ranges,1,IGR179_ext_IG017,female,32.67966,-116.52902,2/21/2021
IG026,Peninsular ranges,1,IGR181_ext_IG026,male,32.99345,-116.75747,2/21/2021
IG106,Peninsular ranges,1,IGR182_ext_IG106,not-determined,33.12284,-116.79305,2/22/2021
IG027,Peninsular ranges,1,IGR183_ext_IG027,female,33.45579,-116.97228,2/22/2021
IG019,Peninsular ranges,1,IGR184_ext_IG019,female,33.71511,-117.61733,2/22/2021
IG020,Peninsular ranges,1,IGR185_ext_IG020,male,33.78634,-117.6647,2/22/2021
IG029,SCI,1,IGR188_ext_IG029,male,34.0009,-119.7506,3/18/2021
IG030,SCI,1,IGR189_ext_IG030,female,33.99689,-119.72771,3/18/2021
IG033,SCI,1,IGR192_ext_IG033,female,34.00419,-119.70552,3/19/2021
IG036,SCI,1,IGR196_ext_IG036,female,34.00634,-119.74715,3/19/2021
IG038,SCI,1,IGR199_ext_IG038,female,34.03072,-119.79944,3/20/2021
IG039,SCI,1,IGR200_ext_IG039,male,34.0086,-119.77123,3/20/2021
IG040,SCI,1,IGR201_ext_IG040,male,34.03201,-119.70087,3/20/2021
IG041,SCI,1,IGR202_ext_IG041,male,34.01979,-119.6899,3/20/2021
IG047,Sierras,1,IGR205_ext_IG047,male,37.663889,-119.870556,4/17/2021
IG077,Sierras,1,IGR241_ext_IG077,female,35.47513,-118.72465,5/7/2021
IG012,Sierras,1,IGR242_ext_IG012,female,35.55136,-118.61015,5/7/2021
IG078,Sierras,1,IGR243_ext_IG078,female,35.79916,-118.45097,5/8/2021
IG080,Sierras,1,IGR245_ext_IG080,male,35.96612,-118.47743,5/8/2021
IG085,Sierras,1,IGR251_ext_IG085,male,39.84623,-121.39406,5/16/2021
IG084,Sierras,1,IGR250_ext_IG084,male,39.8468,-121.39388,5/16/2021
IG070,Transverse ranges,1,IGR230_ext_IG070,female,34.6025,-118.55639,4/28/2021
IG101,Transverse ranges,1,IGR157_ext_IG101,male,34.4797833,-119.58597,1/30/2021
IG060,Transverse ranges,1,IGR218_ext_IG060,male,34.18655,-117.52338,4/26/2021
IG061,Transverse ranges,1,IGR220_ext_IG061,male,34.18007,-118.0467,4/26/2021
IG062,Transverse ranges,1,IGR221_ext_IG062,female,34.21557,-118.1446,4/27/2021
IG063,Transverse ranges,1,IGR222_ext_IG063,male,34.21804,-118.14352,4/27/2021
IG064,Transverse ranges,1,IGR223_ext_IG064,female,34.26104,-118.15262,4/27/2021
IG065,Transverse ranges,1,IGR224_ext_IG065,male,34.25779,-118.15536,4/27/2021
IG067,Transverse ranges,1,IGR227_ext_IG067,female,34.37624,-118.46304,4/27/2021
IG068,Transverse ranges,1,IGR228_ext_IG068,female,34.31837,-118.33321,4/27/2021
IG069,Transverse ranges,1,IGR229_ext_IG069,male,34.25422,-118.25288,4/27/2021
IG045,Centralcal,2,FF339_ext_IG045,female,37.94286,-122.64694,4/7/2021
IG102,Centralcal,2,IGR164_ext_IG102,not-determined,35.4248,-120.74017,1/31/2021
IG021,Centralcal,2,IGR166_ext_IG021,not-determined,37.8921,-121.9992,2/14/2021
IG113,Centralcal,2,IGR284_ext_IG113,not-determined,37.210833,-121.370278,4/7/2023
IG119,Centralcal,2,IGR292_ext_IG119,not-determined,37.69715,-122.44398,10/1/2023
IG120,Centralcal,2,IGR293_ext_IGIG120,not-determined,37.69724,-122.44372,10/1/2023
IG055,Desert,2,IGR213_ext_IG055,male,33.24238,-116.42376,4/24/2021
IG072,Northcal,2,IGR233_ext_IG072,not-determined,39.36841,-123.36649,5/1/2021
IG073,Northcal,2,IGR234_ext_IG073,not-determined,39.36833,-123.36819,5/1/2021
IG015,Peninsular ranges,2,IGR177_ext_IG015,male,33.64905,-117.45667,2/20/2021
IG016,Peninsular ranges,2,IGR178_ext_IG016,female,32.67966,-116.52902,2/21/2021
IG018,Peninsular ranges,2,IGR180_ext_IG018,male,32.99369,-116.75946,2/21/2021
IG051,Peninsular ranges,2,IGR209_ext_IG051,female,33.58415,-117.79495,4/23/2021
IG052,Peninsular ranges,2,IGR210_ext_IG052,male,33.58337,-117.79583,4/23/2021
IG037,SCI,2,IGR186_ext_IG037,male,34.0009,-119.7506,3/18/2021
IG028,SCI,2,IGR187_ext_IG028,female,34.0009,-119.7506,3/18/2021
IG031,SCI,2,IGR190_ext_IG031,female,34.00419,-119.70552,3/19/2021
IG110,SCI,2,IGR191_ext_IG110,male,34.00419,-119.70552,3/19/2021
IG034,SCI,2,IGR194_ext_IG034,male,34.00634,-119.74715,3/19/2021
IG035,SCI,2,IGR195_ext_IG035,male,34.00634,-119.74715,3/19/2021
IG099,SCI,2,IGR198_ext_IG099,male,34.03072,-119.79944,3/20/2021
IG044,Sierras,2,IGR205_ext_IG044,male,37.663889,-119.870556,4/17/2021
IG076,Sierras,2,IGR240_ext_IG076,male,35.47513,-118.72465,5/7/2021
IG079,Sierras,2,IGR244_ext_IG079,male,35.96612,-118.47743,5/8/2021
IG111,Transverse ranges,2,IGR150_ext_IG111,female,34.4722,-119.707367,1/29/2021
IG087,Transverse ranges,2,IGR151_ext_IG087,male,34.4728833,-119.71172,1/29/2021
IG089,Transverse ranges,2,IGR153_ext_IG089,male,34.4907167,-119.63587,1/30/2021
IG090,Transverse ranges,2,IGR154_ext_IG090,male,34.4901667,-119.63598,1/30/2021
IG091,Transverse ranges,2,IGR156_ext_IG091,not-determined,34.4800833,-119.5865,1/30/2021
IG092,Transverse ranges,2,IGR158_ext_IG092,male,34.5417667,-119.79088,1/30/2021
IG093,Transverse ranges,2,IGR159_ext_IG093,not-determined,34.5417667,-119.79088,1/30/2021
IG094,Transverse ranges,2,IGR160_ext_IG094,female,35.10895,-120.0761,1/31/2021
IG095,Transverse ranges,2,IGR161_ext_IG095,not-determined,35.1088333,-120.0752,1/31/2021
IG048,Transverse ranges,2,IGR206_ext_IG048,female,34.09158,-118.62363,4/22/2021
IG049,Transverse ranges,2,IGR207_ext_IG049,female,34.09207,-118.62168,4/22/2021
IG112,Transverse ranges,2,IGR225_ext_IG112,not-determined,34.37624,-118.46304,4/27/2021
IG066,Transverse ranges,2,IGR226_ext_IG066,male,34.37624,-118.46304,4/27/2021